{"HIDDEN_LAYER": [10], "INPUT_LEN": 9, "DNA": [[-1.4233559097542001, -1.437188908245496, 0.5919027981979368, 1.4831372091078694, -1.9088729061009286, 2.7332041648962733, 2.391460479861455, -2.4364029962440337, 1.4841903327006947, 0.4607958366942504, 2.2066076181284213, -1.196928061445568, -1.261199367970114, -0.8196861937522859, 2.2483947430802216, -2.9891397035043314, -1.2797202618518173, -0.06208617046400411, -0.5171588493764716, -1.8955275369217186, -2.9665429611192256, -2.871395036106672, 2.347564971786497, 0.2839986933359884, 0.8562876036287361, -1.80148909525888, -1.3487213110491454, -1.8017402760057606, -1.9400319113693338, 0.9845699854899741, 1.292468237006808, -1.6839060788506326, -0.20830977568823528, -1.4610779360690513, 2.098026345442454, -0.7261202979757808, -2.4867785052660336, -2.71877138260618, 0.2947712241222289, 0.7682295170159787, -0.5367150612060738, -1.941538845679904, 0.5027025524067972, 0.47580639467360286, -0.8759683027207295, -1.9970713980754637, 2.3411807164382283, -2.1649205810645866, -1.109679853534338, 1.210764598514664, 2.9018484705158363, -1.311492861385703, -1.1051569684844333, -2.1663194614526726, 2.473221166615315, -2.90936717837294, -0.3502419947645019, -1.3400734570580985, 1.5733527250802084, -2.8331751678703627, 0.48237675766579224, 0.7435797653573972, 2.949508359780943, -0.47611782913514844, -0.10438834387616303, -2.9538013888997843, 1.579346121057886, -2.823731046039696, 2.4535371669456696, 2.231499271915732, -0.31848380838923207, 0.4569111020837773, 1.1102589813313792, 1.2520484681712525, -0.9785399361163067, 1.4293829375726415, -0.546290034258569, 2.1657426698788655, 0.8212290622046277, 1.1881634268567351, 2.8511691967341886, -1.2682430413079333, -0.20720250834694665, -1.6179017794869015, 2.638982268928106, 2.104408784663553, 0.8546409561770423, 1.1271036412590008, 2.757990217246755, -1.108881408110739, 2.454676294221116, -1.8281234768619357, 2.8484777558221523, 0.6789995545587466, -0.32736328122286107, 1.8514135710531905, -0.6998222214480718, 1.5633878283021554, 2.467880748116775, 0.2029255264666847, 0.40010379969606236, 0.052860946408356924, -1.690162505311208, 1.2385802478026997, 0.651151189175895, 0.8409732400213397, 2.0754037197178485, 1.1317352090764743, 0.452741878422392, -0.8546809736699816], [2.35251394409834, 1.9956956922832088, -0.7719229661305076, 0.6537924627486562, 2.9233858029983786, -0.36518369824992924, -2.7467286997175924, -0.49146617268850723, 1.9807342094203988, 1.3495997276157214, 0.504701858317784, 2.34298930323077, -1.2036447800959706, 2.9215133129963142, -2.1451573543917606, 2.2180186728825784, 2.8815732067735826, -1.0364845597525552, -0.37237603364736316, 0.5601051180787091, 2.347397154823695, 0.6054424109713115, 1.6583793676214549, -1.7754433011987016, 2.2551581105730962, -2.734086758212973, 2.4486140256326987, -0.3510228689290611, -2.2963646259009405, 0.4342748881606555]]}