{"HIDDEN_LAYER": [10], "INPUT_LEN": 9, "DNA": [[-1.2450093359895922, 1.758778633481816, -1.6031491709255612, -0.9836121433035936, 0.20830635376265905, -1.5225412707520314, -2.9819564634346367, 0.19832327657414694, 2.262098674638772, -1.0438203607599603, -1.1503899185866877, 1.7810277342022225, -1.1890654271952033, -0.2992753997461923, -0.25819837406498025, -1.8277248012118261, 2.4234467688900034, -1.2824505751669084, 2.6567512748957838, 1.8792604781302793, 1.2090113755452678, -1.0729051447683804, 0.2561974939047178, -1.702115681252435, 0.3760204680725514, 2.0605062829609424, -2.3322978837353907, 0.02667263785676255, 0.5692709217725813, -2.7186499945287474, 0.5786587309037752, -0.14734855918061296, 0.8304016350208758, 0.19137775428087878, -2.0912817085330726, 1.7562649637081074, 1.066348950300299, -0.5027595988028521, 2.7557267133323293, -0.13106826829451168, -2.0358569339719326, 1.6228455781549413, 2.1251317216834096, -2.011887191839993, -0.668409833959587, 2.1130756077754294, 2.321024512842942, -1.4370301760437534, -0.19428970589763472, -0.3005928029732463, 1.66557433780426, 0.4816696286264095, -0.7144908395882787, -1.8013810607078675, 0.8091140641856589, -0.2759314895044036, -0.38291912481887036, -0.9298728233256992, 2.741131355670873, 2.3276943882149155, 2.9562575492028267, -1.79588089934958, -1.4641781683862405, 2.9407131776169573, 2.8098779742104547, -1.0085220719609844, -0.11519261952759874, 1.023311096608771, -1.3565703410313774, 2.9593605235233937, -0.9123654112799193, -2.8436074082837512, -1.3615573605876476, -1.0128834053729951, -2.0647171475946617, -2.587638909601017, 2.0674793698815646, 2.42239135165695, -2.4748033294696525, -2.6601641225405324, 1.0012899558594637, 1.985639007376458, -1.6281108515167084, -0.6255454725197847, -2.651939842133684, 1.2739718147168215, -2.147244795630415, 1.5501517133263476, -1.14174090146879, 1.1284212937541842, -1.8170160055592077, 0.05961646344429061, 0.5599552370338858, 0.8246030627989029, 0.7659347400849057, 0.9624819748193978, 0.7231745739287438, 0.5310563646448196, -0.15905927157357103, -1.968913545379042, 2.1643851573085913, 2.734993707406495, -2.708635464754563, 1.771912219380147, -2.2083663405771543, -1.2017735980165014, 0.5976455158429328, -1.1579678479373288, 1.2847244519506067, 1.304412326577738], [-2.966183133089034, 0.20583136018436665, 2.1506110997917594, 0.08220432934428201, 2.378852881457563, 2.393045962178016, -2.489486696470954, 1.2238323205689563, 1.0101814928306716, 1.608453495045171, -1.2938093723112438, -2.0649758369257487, -0.5795734587485288, -0.09555600999313296, -0.9110901504752404, 2.517538434640551, -0.6782124701530641, -0.36593965767073033, 1.2604123622520178, -2.0790891287357693, -1.69519820329879, 1.4638861344435297, -1.8496263288535348, 2.00635286706218, -0.28429948204222866, 1.78887097447654, -2.5864203847747413, -1.7239974728956702, -1.0269013208882916, 2.0617202593255834]]}